label,precision,recall,f1-score,support,score
negative,0.8502994011976048,0.8765432098765432,0.8632218844984803,162.0,
neutral,0.25,0.11764705882352941,0.16,17.0,
positive,0.8587570621468926,0.8786127167630058,0.8685714285714285,173.0,
accuracy,,,,,0.8409090909090909
macro avg,0.6530188211148324,0.6242676618210261,0.6305977710233029,352.0,
weighted avg,0.8254644168904103,0.8409090909090909,0.8318886432716219,352.0,
